{
    "karma": -120,
    "saved_souls": 0,
    "easy_mode": {
        "unlocked_levels": 12,
        "completed_levels": [
            1,
            2,
            3,
            5,
            6,
            7,
            9,
            11
        ],
        "high_scores": {
            "1": 709,
            "2": 900,
            "3": 1996,
            "5": 3312,
            "6": 4500,
            "7": 7124,
            "9": 9001,
            "11": 53106,
            "12": 2747
        }
    },
    "settings": {
        "sound_volume": 0.48444444444444446,
        "music_volume": 0.5088888888888888,
        "effects_volume": 0.48444444444444446,
        "fullscreen": true,
        "quality": "HIGH",
        "res_index": 1,
        "fps_limit": 60,
        "fps_index": 1
    }
}